date,deviceCategory,uniq_users,addedToCart,conv
2020-08-01 00:00:00+00:00,desktop,1282,114.0,8.89
2020-08-01 00:00:00+00:00,mobile,224,14.0,6.25
2020-08-01 00:00:00+00:00,tablet,45,4.0,8.89
2020-08-02 00:00:00+00:00,desktop,1561,144.0,9.22
2020-08-02 00:00:00+00:00,mobile,318,6.0,1.89
2020-08-02 00:00:00+00:00,tablet,46,4.0,8.7
2020-08-03 00:00:00+00:00,desktop,2151,192.0,8.93
2020-08-03 00:00:00+00:00,mobile,374,26.0,6.95
2020-08-03 00:00:00+00:00,tablet,60,4.0,6.67
2020-08-04 00:00:00+00:00,desktop,2308,177.0,7.67
2020-08-04 00:00:00+00:00,mobile,399,16.0,4.01
2020-08-04 00:00:00+00:00,tablet,47,1.0,2.13
2020-08-05 00:00:00+00:00,desktop,2022,177.0,8.75
2020-08-05 00:00:00+00:00,mobile,347,26.0,7.49
2020-08-05 00:00:00+00:00,tablet,46,4.0,8.7
2020-08-06 00:00:00+00:00,desktop,1128,65.0,5.76
2020-08-06 00:00:00+00:00,mobile,338,15.0,4.44
2020-08-06 00:00:00+00:00,tablet,73,2.0,2.74
2020-08-07 00:00:00+00:00,desktop,1123,71.0,6.32
2020-08-07 00:00:00+00:00,mobile,303,20.0,6.6
2020-08-07 00:00:00+00:00,tablet,60,2.0,3.33
2020-08-08 00:00:00+00:00,desktop,2142,160.0,7.47
2020-08-08 00:00:00+00:00,mobile,322,21.0,6.52
2020-08-08 00:00:00+00:00,tablet,43,4.0,9.3
2020-08-09 00:00:00+00:00,desktop,2163,190.0,8.78
2020-08-09 00:00:00+00:00,mobile,360,22.0,6.11
2020-08-09 00:00:00+00:00,tablet,51,2.0,3.92
2020-08-10 00:00:00+00:00,desktop,2051,179.0,8.73
2020-08-10 00:00:00+00:00,mobile,382,35.0,9.16
2020-08-10 00:00:00+00:00,tablet,49,2.0,4.08
2020-08-11 00:00:00+00:00,desktop,1925,176.0,9.14
2020-08-11 00:00:00+00:00,mobile,416,30.0,7.21
2020-08-11 00:00:00+00:00,tablet,52,4.0,7.69
2020-08-12 00:00:00+00:00,desktop,1874,249.0,13.29
2020-08-12 00:00:00+00:00,mobile,387,21.0,5.43
2020-08-12 00:00:00+00:00,tablet,52,1.0,1.92
2020-08-13 00:00:00+00:00,desktop,1118,57.0,5.1
2020-08-13 00:00:00+00:00,mobile,320,12.0,3.75
2020-08-13 00:00:00+00:00,tablet,62,2.0,3.23
2020-08-14 00:00:00+00:00,desktop,1251,90.0,7.19
2020-08-14 00:00:00+00:00,mobile,351,11.0,3.13
2020-08-14 00:00:00+00:00,tablet,61,6.0,9.84
2020-08-15 00:00:00+00:00,desktop,2344,218.0,9.3
2020-08-15 00:00:00+00:00,mobile,343,20.0,5.83
2020-08-15 00:00:00+00:00,tablet,51,1.0,1.96
2020-08-16 00:00:00+00:00,desktop,2176,209.0,9.6
2020-08-16 00:00:00+00:00,mobile,327,25.0,7.65
2020-08-16 00:00:00+00:00,tablet,61,3.0,4.92
2020-08-17 00:00:00+00:00,desktop,2157,182.0,8.44
2020-08-17 00:00:00+00:00,mobile,345,20.0,5.8
2020-08-17 00:00:00+00:00,tablet,58,6.0,10.34
2020-08-18 00:00:00+00:00,desktop,2051,160.0,7.8
2020-08-18 00:00:00+00:00,mobile,356,19.0,5.34
2020-08-18 00:00:00+00:00,tablet,52,6.0,11.54
2020-08-19 00:00:00+00:00,desktop,1768,174.0,9.84
2020-08-19 00:00:00+00:00,mobile,358,17.0,4.75
2020-08-19 00:00:00+00:00,tablet,49,3.0,6.12
2020-08-20 00:00:00+00:00,desktop,1154,80.0,6.93
2020-08-20 00:00:00+00:00,mobile,312,15.0,4.81
2020-08-20 00:00:00+00:00,tablet,66,5.0,7.58
2020-08-21 00:00:00+00:00,desktop,1253,79.0,6.3
2020-08-21 00:00:00+00:00,mobile,329,15.0,4.56
2020-08-21 00:00:00+00:00,tablet,44,4.0,9.09
2020-08-22 00:00:00+00:00,desktop,1917,172.0,8.97
2020-08-22 00:00:00+00:00,mobile,322,18.0,5.59
2020-08-22 00:00:00+00:00,tablet,58,5.0,8.62
2020-08-23 00:00:00+00:00,desktop,2071,172.0,8.31
2020-08-23 00:00:00+00:00,mobile,345,23.0,6.67
2020-08-23 00:00:00+00:00,tablet,53,2.0,3.77
2020-08-24 00:00:00+00:00,desktop,1970,169.0,8.58
2020-08-24 00:00:00+00:00,mobile,334,21.0,6.29
2020-08-24 00:00:00+00:00,tablet,59,3.0,5.08
2020-08-25 00:00:00+00:00,desktop,1867,175.0,9.37
2020-08-25 00:00:00+00:00,mobile,359,8.0,2.23
2020-08-25 00:00:00+00:00,tablet,48,8.0,16.67
2020-08-26 00:00:00+00:00,desktop,1740,122.0,7.01
2020-08-26 00:00:00+00:00,mobile,338,19.0,5.62
2020-08-26 00:00:00+00:00,tablet,77,8.0,10.39
2020-08-27 00:00:00+00:00,desktop,1130,75.0,6.64
2020-08-27 00:00:00+00:00,mobile,349,17.0,4.87
2020-08-27 00:00:00+00:00,tablet,73,6.0,8.22
2020-08-28 00:00:00+00:00,desktop,1218,86.0,7.06
2020-08-28 00:00:00+00:00,mobile,308,17.0,5.52
2020-08-28 00:00:00+00:00,tablet,54,5.0,9.26
2020-08-29 00:00:00+00:00,desktop,1835,161.0,8.77
2020-08-29 00:00:00+00:00,mobile,338,21.0,6.21
2020-08-29 00:00:00+00:00,tablet,43,3.0,6.98
2020-08-30 00:00:00+00:00,desktop,2010,165.0,8.21
2020-08-30 00:00:00+00:00,mobile,372,13.0,3.49
2020-08-30 00:00:00+00:00,tablet,54,1.0,1.85
2020-08-31 00:00:00+00:00,desktop,2516,214.0,8.51
2020-08-31 00:00:00+00:00,mobile,324,25.0,7.72
2020-08-31 00:00:00+00:00,tablet,47,4.0,8.51
2020-09-01 00:00:00+00:00,desktop,2049,173.0,8.44
2020-09-01 00:00:00+00:00,mobile,314,16.0,5.1
2020-09-01 00:00:00+00:00,tablet,67,0.0,0.0
2020-09-02 00:00:00+00:00,desktop,1942,123.0,6.33
2020-09-02 00:00:00+00:00,mobile,374,22.0,5.88
2020-09-02 00:00:00+00:00,tablet,72,1.0,1.39
2020-09-03 00:00:00+00:00,desktop,1244,59.0,4.74
2020-09-03 00:00:00+00:00,mobile,334,17.0,5.09
2020-09-03 00:00:00+00:00,tablet,59,2.0,3.39
2020-09-04 00:00:00+00:00,desktop,1205,47.0,3.9
2020-09-04 00:00:00+00:00,mobile,320,17.0,5.31
2020-09-04 00:00:00+00:00,tablet,58,2.0,3.45
2020-09-05 00:00:00+00:00,desktop,1581,77.0,4.87
2020-09-05 00:00:00+00:00,mobile,326,14.0,4.29
2020-09-05 00:00:00+00:00,tablet,62,3.0,4.84
2020-09-06 00:00:00+00:00,desktop,1923,138.0,7.18
2020-09-06 00:00:00+00:00,mobile,303,25.0,8.25
2020-09-06 00:00:00+00:00,tablet,53,0.0,0.0
2020-09-07 00:00:00+00:00,desktop,1929,140.0,7.26
2020-09-07 00:00:00+00:00,mobile,344,18.0,5.23
2020-09-07 00:00:00+00:00,tablet,57,3.0,5.26
2020-09-08 00:00:00+00:00,desktop,1965,155.0,7.89
2020-09-08 00:00:00+00:00,mobile,359,20.0,5.57
2020-09-08 00:00:00+00:00,tablet,59,6.0,10.17
2020-09-09 00:00:00+00:00,desktop,1952,138.0,7.07
2020-09-09 00:00:00+00:00,mobile,314,15.0,4.78
2020-09-09 00:00:00+00:00,tablet,52,4.0,7.69
2020-09-10 00:00:00+00:00,desktop,1167,62.0,5.31
2020-09-10 00:00:00+00:00,mobile,321,18.0,5.61
2020-09-10 00:00:00+00:00,tablet,75,10.0,13.33
2020-09-11 00:00:00+00:00,desktop,1225,73.0,5.96
2020-09-11 00:00:00+00:00,mobile,311,10.0,3.22
2020-09-11 00:00:00+00:00,tablet,69,4.0,5.8
2020-09-12 00:00:00+00:00,desktop,1857,142.0,7.65
2020-09-12 00:00:00+00:00,mobile,288,16.0,5.56
2020-09-12 00:00:00+00:00,tablet,55,0.0,0.0
2020-09-13 00:00:00+00:00,desktop,1780,107.0,6.01
2020-09-13 00:00:00+00:00,mobile,330,17.0,5.15
2020-09-13 00:00:00+00:00,tablet,50,2.0,4.0
2020-09-14 00:00:00+00:00,desktop,1983,158.0,7.97
2020-09-14 00:00:00+00:00,mobile,344,18.0,5.23
2020-09-14 00:00:00+00:00,tablet,54,5.0,9.26
2020-09-15 00:00:00+00:00,desktop,2120,170.0,8.02
2020-09-15 00:00:00+00:00,mobile,449,26.0,5.79
2020-09-15 00:00:00+00:00,tablet,67,6.0,8.96
2020-09-16 00:00:00+00:00,desktop,1836,170.0,9.26
2020-09-16 00:00:00+00:00,mobile,450,27.0,6.0
2020-09-16 00:00:00+00:00,tablet,63,6.0,9.52
2020-09-17 00:00:00+00:00,desktop,1293,58.0,4.49
2020-09-17 00:00:00+00:00,mobile,366,23.0,6.28
2020-09-17 00:00:00+00:00,tablet,68,3.0,4.41
2020-09-18 00:00:00+00:00,desktop,1285,78.0,6.07
2020-09-18 00:00:00+00:00,mobile,317,16.0,5.05
2020-09-18 00:00:00+00:00,tablet,65,2.0,3.08
2020-09-19 00:00:00+00:00,desktop,1998,137.0,6.86
2020-09-19 00:00:00+00:00,mobile,351,13.0,3.7
2020-09-19 00:00:00+00:00,tablet,50,2.0,4.0
2020-09-20 00:00:00+00:00,desktop,2062,161.0,7.81
2020-09-20 00:00:00+00:00,mobile,353,20.0,5.67
2020-09-20 00:00:00+00:00,tablet,52,5.0,9.62
2020-09-21 00:00:00+00:00,desktop,1974,180.0,9.12
2020-09-21 00:00:00+00:00,mobile,381,18.0,4.72
2020-09-21 00:00:00+00:00,tablet,62,3.0,4.84
2020-09-22 00:00:00+00:00,desktop,1919,131.0,6.83
2020-09-22 00:00:00+00:00,mobile,359,27.0,7.52
2020-09-22 00:00:00+00:00,tablet,35,2.0,5.71
2020-09-23 00:00:00+00:00,desktop,1743,126.0,7.23
2020-09-23 00:00:00+00:00,mobile,368,15.0,4.08
2020-09-23 00:00:00+00:00,tablet,50,2.0,4.0
2020-09-24 00:00:00+00:00,desktop,1250,63.0,5.04
2020-09-24 00:00:00+00:00,mobile,347,22.0,6.34
2020-09-24 00:00:00+00:00,tablet,62,7.0,11.29
2020-09-25 00:00:00+00:00,desktop,1322,62.0,4.69
2020-09-25 00:00:00+00:00,mobile,342,19.0,5.56
2020-09-25 00:00:00+00:00,tablet,78,8.0,10.26
2020-09-26 00:00:00+00:00,desktop,2065,197.0,9.54
2020-09-26 00:00:00+00:00,mobile,349,12.0,3.44
2020-09-26 00:00:00+00:00,tablet,54,4.0,7.41
2020-09-27 00:00:00+00:00,desktop,2019,155.0,7.68
2020-09-27 00:00:00+00:00,mobile,360,17.0,4.72
2020-09-27 00:00:00+00:00,tablet,54,4.0,7.41
2020-09-28 00:00:00+00:00,desktop,1791,135.0,7.54
2020-09-28 00:00:00+00:00,mobile,402,22.0,5.47
2020-09-28 00:00:00+00:00,tablet,65,1.0,1.54
2020-09-29 00:00:00+00:00,desktop,1908,135.0,7.08
2020-09-29 00:00:00+00:00,mobile,369,19.0,5.15
2020-09-29 00:00:00+00:00,tablet,62,1.0,1.61
2020-09-30 00:00:00+00:00,desktop,1660,106.0,6.39
2020-09-30 00:00:00+00:00,mobile,390,15.0,3.85
2020-09-30 00:00:00+00:00,tablet,63,3.0,4.76
2020-10-01 00:00:00+00:00,desktop,1106,43.0,3.89
2020-10-01 00:00:00+00:00,mobile,328,19.0,5.79
2020-10-01 00:00:00+00:00,tablet,56,2.0,3.57
2020-10-02 00:00:00+00:00,desktop,1202,66.0,5.49
2020-10-02 00:00:00+00:00,mobile,327,11.0,3.36
2020-10-02 00:00:00+00:00,tablet,65,4.0,6.15
2020-10-03 00:00:00+00:00,desktop,1839,125.0,6.8
2020-10-03 00:00:00+00:00,mobile,362,24.0,6.63
2020-10-03 00:00:00+00:00,tablet,56,1.0,1.79
2020-10-04 00:00:00+00:00,desktop,3263,161.0,4.93
2020-10-04 00:00:00+00:00,mobile,616,23.0,3.73
2020-10-04 00:00:00+00:00,tablet,120,1.0,0.83
2020-10-05 00:00:00+00:00,desktop,2803,161.0,5.74
2020-10-05 00:00:00+00:00,mobile,589,19.0,3.23
2020-10-05 00:00:00+00:00,tablet,94,1.0,1.06
2020-10-06 00:00:00+00:00,desktop,2246,146.0,6.5
2020-10-06 00:00:00+00:00,mobile,431,20.0,4.64
2020-10-06 00:00:00+00:00,tablet,77,1.0,1.3
2020-10-07 00:00:00+00:00,desktop,2108,143.0,6.78
2020-10-07 00:00:00+00:00,mobile,455,21.0,4.62
2020-10-07 00:00:00+00:00,tablet,69,3.0,4.35
2020-10-08 00:00:00+00:00,desktop,1443,70.0,4.85
2020-10-08 00:00:00+00:00,mobile,429,10.0,2.33
2020-10-08 00:00:00+00:00,tablet,85,4.0,4.71
2020-10-09 00:00:00+00:00,desktop,1517,72.0,4.75
2020-10-09 00:00:00+00:00,mobile,387,17.0,4.39
2020-10-09 00:00:00+00:00,tablet,75,3.0,4.0
2020-10-10 00:00:00+00:00,desktop,2155,128.0,5.94
2020-10-10 00:00:00+00:00,mobile,421,16.0,3.8
2020-10-10 00:00:00+00:00,tablet,54,2.0,3.7
2020-10-11 00:00:00+00:00,desktop,2133,128.0,6.0
2020-10-11 00:00:00+00:00,mobile,397,12.0,3.02
2020-10-11 00:00:00+00:00,tablet,55,1.0,1.82
2020-10-12 00:00:00+00:00,desktop,2071,113.0,5.46
2020-10-12 00:00:00+00:00,mobile,479,15.0,3.13
2020-10-12 00:00:00+00:00,tablet,67,5.0,7.46
2020-10-13 00:00:00+00:00,desktop,2165,127.0,5.87
2020-10-13 00:00:00+00:00,mobile,424,19.0,4.48
2020-10-13 00:00:00+00:00,tablet,57,2.0,3.51
2020-10-14 00:00:00+00:00,desktop,2111,103.0,4.88
2020-10-14 00:00:00+00:00,mobile,443,19.0,4.29
2020-10-14 00:00:00+00:00,tablet,49,1.0,2.04
2020-10-15 00:00:00+00:00,desktop,1800,49.0,2.72
2020-10-15 00:00:00+00:00,mobile,474,24.0,5.06
2020-10-15 00:00:00+00:00,tablet,75,0.0,0.0
2020-10-16 00:00:00+00:00,desktop,1987,70.0,3.52
2020-10-16 00:00:00+00:00,mobile,396,18.0,4.55
2020-10-16 00:00:00+00:00,tablet,79,2.0,2.53
2020-10-17 00:00:00+00:00,desktop,2688,124.0,4.61
2020-10-17 00:00:00+00:00,mobile,375,12.0,3.2
2020-10-17 00:00:00+00:00,tablet,69,2.0,2.9
2020-10-18 00:00:00+00:00,desktop,2896,144.0,4.97
2020-10-18 00:00:00+00:00,mobile,402,17.0,4.23
2020-10-18 00:00:00+00:00,tablet,71,2.0,2.82
2020-10-19 00:00:00+00:00,desktop,2781,118.0,4.24
2020-10-19 00:00:00+00:00,mobile,436,23.0,5.28
2020-10-19 00:00:00+00:00,tablet,76,4.0,5.26
2020-10-20 00:00:00+00:00,desktop,2954,126.0,4.27
2020-10-20 00:00:00+00:00,mobile,458,15.0,3.28
2020-10-20 00:00:00+00:00,tablet,81,3.0,3.7
2020-10-21 00:00:00+00:00,desktop,2684,111.0,4.14
2020-10-21 00:00:00+00:00,mobile,451,16.0,3.55
2020-10-21 00:00:00+00:00,tablet,70,2.0,2.86
2020-10-22 00:00:00+00:00,desktop,2362,67.0,2.84
2020-10-22 00:00:00+00:00,mobile,459,27.0,5.88
2020-10-22 00:00:00+00:00,tablet,84,3.0,3.57
2020-10-23 00:00:00+00:00,desktop,2282,75.0,3.29
2020-10-23 00:00:00+00:00,mobile,474,22.0,4.64
2020-10-23 00:00:00+00:00,tablet,80,7.0,8.75
2020-10-24 00:00:00+00:00,desktop,3248,145.0,4.46
2020-10-24 00:00:00+00:00,mobile,462,14.0,3.03
2020-10-24 00:00:00+00:00,tablet,75,2.0,2.67
2020-10-25 00:00:00+00:00,desktop,3143,101.0,3.21
2020-10-25 00:00:00+00:00,mobile,383,12.0,3.13
2020-10-25 00:00:00+00:00,tablet,59,2.0,3.39
2020-10-26 00:00:00+00:00,desktop,3556,132.0,3.71
2020-10-26 00:00:00+00:00,mobile,477,18.0,3.77
2020-10-26 00:00:00+00:00,tablet,65,4.0,6.15
2020-10-27 00:00:00+00:00,desktop,3362,135.0,4.02
2020-10-27 00:00:00+00:00,mobile,444,15.0,3.38
2020-10-27 00:00:00+00:00,tablet,75,1.0,1.33
2020-10-28 00:00:00+00:00,desktop,3077,91.0,2.96
2020-10-28 00:00:00+00:00,mobile,411,16.0,3.89
2020-10-28 00:00:00+00:00,tablet,77,4.0,5.19
2020-10-29 00:00:00+00:00,desktop,2347,41.0,1.75
2020-10-29 00:00:00+00:00,mobile,439,15.0,3.42
2020-10-29 00:00:00+00:00,tablet,64,0.0,0.0
2020-10-30 00:00:00+00:00,desktop,2445,50.0,2.04
2020-10-30 00:00:00+00:00,mobile,413,15.0,3.63
2020-10-30 00:00:00+00:00,tablet,72,7.0,9.72
2020-10-31 00:00:00+00:00,desktop,3118,90.0,2.89
2020-10-31 00:00:00+00:00,mobile,416,15.0,3.61
2020-10-31 00:00:00+00:00,tablet,66,1.0,1.52
2020-11-01 00:00:00+00:00,desktop,3031,100.0,3.3
2020-11-01 00:00:00+00:00,mobile,428,22.0,5.14
2020-11-01 00:00:00+00:00,tablet,50,1.0,2.0
2020-11-02 00:00:00+00:00,desktop,3208,95.0,2.96
2020-11-02 00:00:00+00:00,mobile,412,17.0,4.13
2020-11-02 00:00:00+00:00,tablet,87,5.0,5.75
2020-11-03 00:00:00+00:00,desktop,3196,99.0,3.1
2020-11-03 00:00:00+00:00,mobile,506,18.0,3.56
2020-11-03 00:00:00+00:00,tablet,72,2.0,2.78
2020-11-04 00:00:00+00:00,desktop,2865,81.0,2.83
2020-11-04 00:00:00+00:00,mobile,432,15.0,3.47
2020-11-04 00:00:00+00:00,tablet,84,6.0,7.14
2020-11-05 00:00:00+00:00,desktop,2403,70.0,2.91
2020-11-05 00:00:00+00:00,mobile,432,13.0,3.01
2020-11-05 00:00:00+00:00,tablet,60,3.0,5.0
2020-11-06 00:00:00+00:00,desktop,2566,59.0,2.3
2020-11-06 00:00:00+00:00,mobile,429,10.0,2.33
2020-11-06 00:00:00+00:00,tablet,84,3.0,3.57
2020-11-07 00:00:00+00:00,desktop,3147,110.0,3.5
2020-11-07 00:00:00+00:00,mobile,393,11.0,2.8
2020-11-07 00:00:00+00:00,tablet,54,3.0,5.56
2020-11-08 00:00:00+00:00,desktop,3193,116.0,3.63
2020-11-08 00:00:00+00:00,mobile,399,24.0,6.02
2020-11-08 00:00:00+00:00,tablet,52,5.0,9.62
2020-11-09 00:00:00+00:00,desktop,3120,104.0,3.33
2020-11-09 00:00:00+00:00,mobile,372,20.0,5.38
2020-11-09 00:00:00+00:00,tablet,44,0.0,0.0
2020-11-10 00:00:00+00:00,desktop,3231,98.0,3.03
2020-11-10 00:00:00+00:00,mobile,515,72.0,13.98
2020-11-10 00:00:00+00:00,tablet,62,4.0,6.45
2020-11-11 00:00:00+00:00,desktop,2832,80.0,2.82
2020-11-11 00:00:00+00:00,mobile,503,28.0,5.57
2020-11-11 00:00:00+00:00,tablet,63,4.0,6.35
2020-11-12 00:00:00+00:00,desktop,2350,52.0,2.21
2020-11-12 00:00:00+00:00,mobile,480,25.0,5.21
2020-11-12 00:00:00+00:00,tablet,81,5.0,6.17
2020-11-13 00:00:00+00:00,desktop,2434,56.0,2.3
2020-11-13 00:00:00+00:00,mobile,423,12.0,2.84
2020-11-13 00:00:00+00:00,tablet,84,5.0,5.95
2020-11-14 00:00:00+00:00,desktop,3542,131.0,3.7
2020-11-14 00:00:00+00:00,mobile,475,28.0,5.89
2020-11-14 00:00:00+00:00,tablet,74,2.0,2.7
2020-11-15 00:00:00+00:00,desktop,3778,126.0,3.34
2020-11-15 00:00:00+00:00,mobile,446,25.0,5.61
2020-11-15 00:00:00+00:00,tablet,72,0.0,0.0
2020-11-16 00:00:00+00:00,desktop,3498,119.0,3.4
2020-11-16 00:00:00+00:00,mobile,439,10.0,2.28
2020-11-16 00:00:00+00:00,tablet,89,4.0,4.49
2020-11-17 00:00:00+00:00,desktop,3214,123.0,3.83
2020-11-17 00:00:00+00:00,mobile,501,20.0,3.99
2020-11-17 00:00:00+00:00,tablet,70,4.0,5.71
2020-11-18 00:00:00+00:00,desktop,2869,84.0,2.93
2020-11-18 00:00:00+00:00,mobile,476,20.0,4.2
2020-11-18 00:00:00+00:00,tablet,79,4.0,5.06
2020-11-19 00:00:00+00:00,desktop,2267,64.0,2.82
2020-11-19 00:00:00+00:00,mobile,468,15.0,3.21
2020-11-19 00:00:00+00:00,tablet,84,7.0,8.33
2020-11-20 00:00:00+00:00,desktop,2445,73.0,2.99
2020-11-20 00:00:00+00:00,mobile,522,21.0,4.02
2020-11-20 00:00:00+00:00,tablet,104,6.0,5.77
2020-11-21 00:00:00+00:00,desktop,3314,140.0,4.22
2020-11-21 00:00:00+00:00,mobile,464,16.0,3.45
2020-11-21 00:00:00+00:00,tablet,86,4.0,4.65
2020-11-22 00:00:00+00:00,desktop,3201,103.0,3.22
2020-11-22 00:00:00+00:00,mobile,422,16.0,3.79
2020-11-22 00:00:00+00:00,tablet,61,0.0,0.0
2020-11-23 00:00:00+00:00,desktop,3051,109.0,3.57
2020-11-23 00:00:00+00:00,mobile,441,29.0,6.58
2020-11-23 00:00:00+00:00,tablet,75,1.0,1.33
2020-11-24 00:00:00+00:00,desktop,2914,78.0,2.68
2020-11-24 00:00:00+00:00,mobile,544,18.0,3.31
2020-11-24 00:00:00+00:00,tablet,109,6.0,5.5
2020-11-25 00:00:00+00:00,desktop,2874,123.0,4.28
2020-11-25 00:00:00+00:00,mobile,569,28.0,4.92
2020-11-25 00:00:00+00:00,tablet,105,6.0,5.71
2020-11-26 00:00:00+00:00,desktop,2395,67.0,2.8
2020-11-26 00:00:00+00:00,mobile,582,24.0,4.12
2020-11-26 00:00:00+00:00,tablet,98,2.0,2.04
2020-11-27 00:00:00+00:00,desktop,2450,91.0,3.71
2020-11-27 00:00:00+00:00,mobile,563,22.0,3.91
2020-11-27 00:00:00+00:00,tablet,113,4.0,3.54
2020-11-28 00:00:00+00:00,desktop,3832,232.0,6.05
2020-11-28 00:00:00+00:00,mobile,551,29.0,5.26
2020-11-28 00:00:00+00:00,tablet,90,6.0,6.67
2020-11-29 00:00:00+00:00,desktop,3414,153.0,4.48
2020-11-29 00:00:00+00:00,mobile,490,22.0,4.49
2020-11-29 00:00:00+00:00,tablet,76,8.0,10.53
2020-11-30 00:00:00+00:00,desktop,3477,155.0,4.46
2020-11-30 00:00:00+00:00,mobile,523,29.0,5.54
2020-11-30 00:00:00+00:00,tablet,86,5.0,5.81
2020-12-01 00:00:00+00:00,desktop,3272,150.0,4.58
2020-12-01 00:00:00+00:00,mobile,515,28.0,5.44
2020-12-01 00:00:00+00:00,tablet,84,6.0,7.14
2020-12-02 00:00:00+00:00,desktop,2910,132.0,4.54
2020-12-02 00:00:00+00:00,mobile,482,17.0,3.53
2020-12-02 00:00:00+00:00,tablet,78,2.0,2.56
2020-12-03 00:00:00+00:00,desktop,2216,83.0,3.75
2020-12-03 00:00:00+00:00,mobile,521,22.0,4.22
2020-12-03 00:00:00+00:00,tablet,108,9.0,8.33
2020-12-04 00:00:00+00:00,desktop,2344,105.0,4.48
2020-12-04 00:00:00+00:00,mobile,561,37.0,6.6
2020-12-04 00:00:00+00:00,tablet,109,3.0,2.75
2020-12-05 00:00:00+00:00,desktop,3290,202.0,6.14
2020-12-05 00:00:00+00:00,mobile,510,21.0,4.12
2020-12-05 00:00:00+00:00,tablet,105,3.0,2.86
2020-12-06 00:00:00+00:00,desktop,2067,180.0,8.71
2020-12-06 00:00:00+00:00,mobile,508,26.0,5.12
2020-12-06 00:00:00+00:00,tablet,91,6.0,6.59
2020-12-07 00:00:00+00:00,desktop,1905,142.0,7.45
2020-12-07 00:00:00+00:00,mobile,527,29.0,5.5
2020-12-07 00:00:00+00:00,tablet,90,7.0,7.78
2020-12-08 00:00:00+00:00,desktop,2011,188.0,9.35
2020-12-08 00:00:00+00:00,mobile,591,27.0,4.57
2020-12-08 00:00:00+00:00,tablet,70,6.0,8.57
2020-12-09 00:00:00+00:00,desktop,1837,160.0,8.71
2020-12-09 00:00:00+00:00,mobile,564,20.0,3.55
2020-12-09 00:00:00+00:00,tablet,95,4.0,4.21
2020-12-10 00:00:00+00:00,desktop,1223,107.0,8.75
2020-12-10 00:00:00+00:00,mobile,629,17.0,2.7
2020-12-10 00:00:00+00:00,tablet,116,3.0,2.59
2020-12-11 00:00:00+00:00,desktop,1262,103.0,8.16
2020-12-11 00:00:00+00:00,mobile,602,40.0,6.64
2020-12-11 00:00:00+00:00,tablet,126,7.0,5.56
2020-12-12 00:00:00+00:00,desktop,2190,213.0,9.73
2020-12-12 00:00:00+00:00,mobile,775,33.0,4.26
2020-12-12 00:00:00+00:00,tablet,104,4.0,3.85
2020-12-13 00:00:00+00:00,desktop,2070,183.0,8.84
2020-12-13 00:00:00+00:00,mobile,650,26.0,4.0
2020-12-13 00:00:00+00:00,tablet,105,6.0,5.71
2020-12-14 00:00:00+00:00,desktop,2035,184.0,9.04
2020-12-14 00:00:00+00:00,mobile,581,26.0,4.48
2020-12-14 00:00:00+00:00,tablet,79,5.0,6.33
2020-12-15 00:00:00+00:00,desktop,2008,178.0,8.86
2020-12-15 00:00:00+00:00,mobile,553,35.0,6.33
2020-12-15 00:00:00+00:00,tablet,71,3.0,4.23
2020-12-16 00:00:00+00:00,desktop,1705,196.0,11.5
2020-12-16 00:00:00+00:00,mobile,834,50.0,6.0
2020-12-16 00:00:00+00:00,tablet,106,5.0,4.72
2020-12-17 00:00:00+00:00,desktop,1138,101.0,8.88
2020-12-17 00:00:00+00:00,mobile,831,51.0,6.14
2020-12-17 00:00:00+00:00,tablet,127,9.0,7.09
2020-12-18 00:00:00+00:00,desktop,1160,99.0,8.53
2020-12-18 00:00:00+00:00,mobile,641,29.0,4.52
2020-12-18 00:00:00+00:00,tablet,121,9.0,7.44
2020-12-19 00:00:00+00:00,desktop,2094,150.0,7.16
2020-12-19 00:00:00+00:00,mobile,715,36.0,5.03
2020-12-19 00:00:00+00:00,tablet,102,3.0,2.94
2020-12-20 00:00:00+00:00,desktop,1939,200.0,10.31
2020-12-20 00:00:00+00:00,mobile,714,36.0,5.04
2020-12-20 00:00:00+00:00,tablet,90,3.0,3.33
2020-12-21 00:00:00+00:00,desktop,1634,136.0,8.32
2020-12-21 00:00:00+00:00,mobile,593,26.0,4.38
2020-12-21 00:00:00+00:00,tablet,90,4.0,4.44
2020-12-22 00:00:00+00:00,desktop,1297,94.0,7.25
2020-12-22 00:00:00+00:00,mobile,541,19.0,3.51
2020-12-22 00:00:00+00:00,tablet,71,5.0,7.04
2020-12-23 00:00:00+00:00,desktop,893,50.0,5.6
2020-12-23 00:00:00+00:00,mobile,511,16.0,3.13
2020-12-23 00:00:00+00:00,tablet,67,1.0,1.49
2020-12-24 00:00:00+00:00,desktop,637,44.0,6.91
2020-12-24 00:00:00+00:00,mobile,441,15.0,3.4
2020-12-24 00:00:00+00:00,tablet,55,3.0,5.45
2020-12-25 00:00:00+00:00,desktop,709,43.0,6.06
2020-12-25 00:00:00+00:00,mobile,482,32.0,6.64
2020-12-25 00:00:00+00:00,tablet,86,5.0,5.81
2020-12-26 00:00:00+00:00,desktop,863,48.0,5.56
2020-12-26 00:00:00+00:00,mobile,507,16.0,3.16
2020-12-26 00:00:00+00:00,tablet,78,2.0,2.56
2020-12-27 00:00:00+00:00,desktop,1134,70.0,6.17
2020-12-27 00:00:00+00:00,mobile,455,9.0,1.98
2020-12-27 00:00:00+00:00,tablet,72,1.0,1.39
2020-12-28 00:00:00+00:00,desktop,1070,91.0,8.5
2020-12-28 00:00:00+00:00,mobile,444,22.0,4.95
2020-12-28 00:00:00+00:00,tablet,72,6.0,8.33
2020-12-29 00:00:00+00:00,desktop,1045,76.0,7.27
2020-12-29 00:00:00+00:00,mobile,382,24.0,6.28
2020-12-29 00:00:00+00:00,tablet,63,6.0,9.52
2020-12-30 00:00:00+00:00,desktop,641,47.0,7.33
2020-12-30 00:00:00+00:00,mobile,388,14.0,3.61
2020-12-30 00:00:00+00:00,tablet,63,4.0,6.35
2020-12-31 00:00:00+00:00,desktop,630,32.0,5.08
2020-12-31 00:00:00+00:00,mobile,411,13.0,3.16
2020-12-31 00:00:00+00:00,tablet,85,3.0,3.53
2021-01-01 00:00:00+00:00,desktop,706,40.0,5.67
2021-01-01 00:00:00+00:00,mobile,456,13.0,2.85
2021-01-01 00:00:00+00:00,tablet,90,1.0,1.11
2021-01-02 00:00:00+00:00,desktop,963,52.0,5.4
2021-01-02 00:00:00+00:00,mobile,428,17.0,3.97
2021-01-02 00:00:00+00:00,tablet,88,1.0,1.14
2021-01-03 00:00:00+00:00,desktop,1528,92.0,6.02
2021-01-03 00:00:00+00:00,mobile,497,23.0,4.63
2021-01-03 00:00:00+00:00,tablet,61,5.0,8.2
2021-01-04 00:00:00+00:00,desktop,1537,106.0,6.9
2021-01-04 00:00:00+00:00,mobile,503,25.0,4.97
2021-01-04 00:00:00+00:00,tablet,80,7.0,8.75
2021-01-05 00:00:00+00:00,desktop,1407,115.0,8.17
2021-01-05 00:00:00+00:00,mobile,499,11.0,2.2
2021-01-05 00:00:00+00:00,tablet,87,5.0,5.75
2021-01-06 00:00:00+00:00,desktop,1276,94.0,7.37
2021-01-06 00:00:00+00:00,mobile,671,25.0,3.73
2021-01-06 00:00:00+00:00,tablet,69,1.0,1.45
2021-01-07 00:00:00+00:00,desktop,889,50.0,5.62
2021-01-07 00:00:00+00:00,mobile,538,17.0,3.16
2021-01-07 00:00:00+00:00,tablet,87,0.0,0.0
2021-01-08 00:00:00+00:00,desktop,905,48.0,5.3
2021-01-08 00:00:00+00:00,mobile,508,15.0,2.95
2021-01-08 00:00:00+00:00,tablet,88,2.0,2.27
2021-01-09 00:00:00+00:00,desktop,1515,96.0,6.34
2021-01-09 00:00:00+00:00,mobile,515,26.0,5.05
2021-01-09 00:00:00+00:00,tablet,65,3.0,4.62
2021-01-10 00:00:00+00:00,desktop,1527,102.0,6.68
2021-01-10 00:00:00+00:00,mobile,474,20.0,4.22
2021-01-10 00:00:00+00:00,tablet,54,3.0,5.56
2021-01-11 00:00:00+00:00,desktop,1366,75.0,5.49
2021-01-11 00:00:00+00:00,mobile,518,20.0,3.86
2021-01-11 00:00:00+00:00,tablet,71,2.0,2.82
2021-01-12 00:00:00+00:00,desktop,1417,107.0,7.55
2021-01-12 00:00:00+00:00,mobile,491,23.0,4.68
2021-01-12 00:00:00+00:00,tablet,79,3.0,3.8
2021-01-13 00:00:00+00:00,desktop,1236,91.0,7.36
2021-01-13 00:00:00+00:00,mobile,471,24.0,5.1
2021-01-13 00:00:00+00:00,tablet,58,2.0,3.45
2021-01-14 00:00:00+00:00,desktop,854,40.0,4.68
2021-01-14 00:00:00+00:00,mobile,472,20.0,4.24
2021-01-14 00:00:00+00:00,tablet,74,4.0,5.41
2021-01-15 00:00:00+00:00,desktop,877,41.0,4.68
2021-01-15 00:00:00+00:00,mobile,486,17.0,3.5
2021-01-15 00:00:00+00:00,tablet,87,7.0,8.05
2021-01-16 00:00:00+00:00,desktop,1140,69.0,6.05
2021-01-16 00:00:00+00:00,mobile,476,24.0,5.04
2021-01-16 00:00:00+00:00,tablet,68,2.0,2.94
2021-01-17 00:00:00+00:00,desktop,1581,110.0,6.96
2021-01-17 00:00:00+00:00,mobile,551,21.0,3.81
2021-01-17 00:00:00+00:00,tablet,68,6.0,8.82
2021-01-18 00:00:00+00:00,desktop,1447,100.0,6.91
2021-01-18 00:00:00+00:00,mobile,483,28.0,5.8
2021-01-18 00:00:00+00:00,tablet,72,1.0,1.39
2021-01-19 00:00:00+00:00,desktop,1358,101.0,7.44
2021-01-19 00:00:00+00:00,mobile,462,19.0,4.11
2021-01-19 00:00:00+00:00,tablet,76,3.0,3.95
2021-01-20 00:00:00+00:00,desktop,1315,86.0,6.54
2021-01-20 00:00:00+00:00,mobile,480,14.0,2.92
2021-01-20 00:00:00+00:00,tablet,72,1.0,1.39
2021-01-21 00:00:00+00:00,desktop,938,55.0,5.86
2021-01-21 00:00:00+00:00,mobile,486,13.0,2.67
2021-01-21 00:00:00+00:00,tablet,76,2.0,2.63
2021-01-22 00:00:00+00:00,desktop,938,64.0,6.82
2021-01-22 00:00:00+00:00,mobile,486,21.0,4.32
2021-01-22 00:00:00+00:00,tablet,104,4.0,3.85
2021-01-23 00:00:00+00:00,desktop,1472,110.0,7.47
2021-01-23 00:00:00+00:00,mobile,464,26.0,5.6
2021-01-23 00:00:00+00:00,tablet,91,5.0,5.49
2021-01-24 00:00:00+00:00,desktop,1889,110.0,5.82
2021-01-24 00:00:00+00:00,mobile,1305,38.0,2.91
2021-01-24 00:00:00+00:00,tablet,177,4.0,2.26
2021-01-25 00:00:00+00:00,desktop,1738,124.0,7.13
2021-01-25 00:00:00+00:00,mobile,872,29.0,3.33
2021-01-25 00:00:00+00:00,tablet,105,2.0,1.9
2021-01-26 00:00:00+00:00,desktop,1448,121.0,8.36
2021-01-26 00:00:00+00:00,mobile,490,12.0,2.45
2021-01-26 00:00:00+00:00,tablet,70,2.0,2.86
2021-01-27 00:00:00+00:00,desktop,1270,77.0,6.06
2021-01-27 00:00:00+00:00,mobile,471,17.0,3.61
2021-01-27 00:00:00+00:00,tablet,66,2.0,3.03
2021-01-28 00:00:00+00:00,desktop,874,42.0,4.81
2021-01-28 00:00:00+00:00,mobile,501,17.0,3.39
2021-01-28 00:00:00+00:00,tablet,95,4.0,4.21
2021-01-29 00:00:00+00:00,desktop,983,62.0,6.31
2021-01-29 00:00:00+00:00,mobile,549,20.0,3.64
2021-01-29 00:00:00+00:00,tablet,99,7.0,7.07
2021-01-30 00:00:00+00:00,desktop,1593,123.0,7.72
2021-01-30 00:00:00+00:00,mobile,467,11.0,2.36
2021-01-30 00:00:00+00:00,tablet,62,0.0,0.0
2021-01-31 00:00:00+00:00,desktop,1444,130.0,9.0
2021-01-31 00:00:00+00:00,mobile,460,20.0,4.35
2021-01-31 00:00:00+00:00,tablet,79,1.0,1.27
2021-02-01 00:00:00+00:00,desktop,1541,111.0,7.2
2021-02-01 00:00:00+00:00,mobile,547,24.0,4.39
2021-02-01 00:00:00+00:00,tablet,67,2.0,2.99
2021-02-02 00:00:00+00:00,desktop,1555,112.0,7.2
2021-02-02 00:00:00+00:00,mobile,480,15.0,3.12
2021-02-02 00:00:00+00:00,tablet,71,3.0,4.23
2021-02-03 00:00:00+00:00,desktop,1360,92.0,6.76
2021-02-03 00:00:00+00:00,mobile,496,12.0,2.42
2021-02-03 00:00:00+00:00,tablet,64,0.0,0.0
2021-02-04 00:00:00+00:00,desktop,859,57.0,6.64
2021-02-04 00:00:00+00:00,mobile,482,17.0,3.53
2021-02-04 00:00:00+00:00,tablet,70,1.0,1.43
2021-02-05 00:00:00+00:00,desktop,844,60.0,7.11
2021-02-05 00:00:00+00:00,mobile,437,18.0,4.12
2021-02-05 00:00:00+00:00,tablet,96,0.0,0.0
2021-02-06 00:00:00+00:00,desktop,1490,100.0,6.71
2021-02-06 00:00:00+00:00,mobile,443,15.0,3.39
2021-02-06 00:00:00+00:00,tablet,73,1.0,1.37
2021-02-07 00:00:00+00:00,desktop,1594,103.0,6.46
2021-02-07 00:00:00+00:00,mobile,518,28.0,5.41
2021-02-07 00:00:00+00:00,tablet,79,4.0,5.06
2021-02-08 00:00:00+00:00,desktop,1703,97.0,5.7
2021-02-08 00:00:00+00:00,mobile,500,19.0,3.8
2021-02-08 00:00:00+00:00,tablet,114,2.0,1.75
2021-02-09 00:00:00+00:00,desktop,1723,107.0,6.21
2021-02-09 00:00:00+00:00,mobile,558,12.0,2.15
2021-02-09 00:00:00+00:00,tablet,82,2.0,2.44
2021-02-10 00:00:00+00:00,desktop,1347,97.0,7.2
2021-02-10 00:00:00+00:00,mobile,532,21.0,3.95
2021-02-10 00:00:00+00:00,tablet,91,1.0,1.1
2021-02-11 00:00:00+00:00,desktop,945,54.0,5.71
2021-02-11 00:00:00+00:00,mobile,552,16.0,2.9
2021-02-11 00:00:00+00:00,tablet,105,4.0,3.81
2021-02-12 00:00:00+00:00,desktop,1041,73.0,7.01
2021-02-12 00:00:00+00:00,mobile,513,26.0,5.07
2021-02-12 00:00:00+00:00,tablet,92,4.0,4.35
2021-02-13 00:00:00+00:00,desktop,1481,93.0,6.28
2021-02-13 00:00:00+00:00,mobile,501,23.0,4.59
2021-02-13 00:00:00+00:00,tablet,47,1.0,2.13
2021-02-14 00:00:00+00:00,desktop,1597,154.0,9.64
2021-02-14 00:00:00+00:00,mobile,445,20.0,4.49
2021-02-14 00:00:00+00:00,tablet,62,1.0,1.61
2021-02-15 00:00:00+00:00,desktop,1698,88.0,5.18
2021-02-15 00:00:00+00:00,mobile,550,23.0,4.18
2021-02-15 00:00:00+00:00,tablet,74,2.0,2.7
2021-02-16 00:00:00+00:00,desktop,1588,113.0,7.12
2021-02-16 00:00:00+00:00,mobile,569,27.0,4.75
2021-02-16 00:00:00+00:00,tablet,73,2.0,2.74
2021-02-17 00:00:00+00:00,desktop,1707,219.0,12.83
2021-02-17 00:00:00+00:00,mobile,622,38.0,6.11
2021-02-17 00:00:00+00:00,tablet,82,0.0,0.0
2021-02-18 00:00:00+00:00,desktop,944,63.0,6.67
2021-02-18 00:00:00+00:00,mobile,536,15.0,2.8
2021-02-18 00:00:00+00:00,tablet,93,6.0,6.45
2021-02-19 00:00:00+00:00,desktop,1082,87.0,8.04
2021-02-19 00:00:00+00:00,mobile,625,49.0,7.84
2021-02-19 00:00:00+00:00,tablet,80,2.0,2.5
2021-02-20 00:00:00+00:00,desktop,1377,122.0,8.86
2021-02-20 00:00:00+00:00,mobile,598,30.0,5.02
2021-02-20 00:00:00+00:00,tablet,91,2.0,2.2
2021-02-21 00:00:00+00:00,desktop,1690,136.0,8.05
2021-02-21 00:00:00+00:00,mobile,502,13.0,2.59
2021-02-21 00:00:00+00:00,tablet,93,2.0,2.15
2021-02-22 00:00:00+00:00,desktop,1605,121.0,7.54
2021-02-22 00:00:00+00:00,mobile,507,18.0,3.55
2021-02-22 00:00:00+00:00,tablet,69,0.0,0.0
2021-02-23 00:00:00+00:00,desktop,1479,124.0,8.38
2021-02-23 00:00:00+00:00,mobile,539,18.0,3.34
2021-02-23 00:00:00+00:00,tablet,73,2.0,2.74
2021-02-24 00:00:00+00:00,desktop,1329,91.0,6.85
2021-02-24 00:00:00+00:00,mobile,497,24.0,4.83
2021-02-24 00:00:00+00:00,tablet,69,1.0,1.45
2021-02-25 00:00:00+00:00,desktop,905,51.0,5.64
2021-02-25 00:00:00+00:00,mobile,511,18.0,3.52
2021-02-25 00:00:00+00:00,tablet,80,5.0,6.25
2021-02-26 00:00:00+00:00,desktop,913,60.0,6.57
2021-02-26 00:00:00+00:00,mobile,507,22.0,4.34
2021-02-26 00:00:00+00:00,tablet,78,2.0,2.56
2021-02-27 00:00:00+00:00,desktop,1539,82.0,5.33
2021-02-27 00:00:00+00:00,mobile,514,21.0,4.09
2021-02-27 00:00:00+00:00,tablet,77,4.0,5.19
2021-02-28 00:00:00+00:00,desktop,1535,89.0,5.8
2021-02-28 00:00:00+00:00,mobile,501,22.0,4.39
2021-02-28 00:00:00+00:00,tablet,66,0.0,0.0
2021-03-01 00:00:00+00:00,desktop,1527,106.0,6.94
2021-03-01 00:00:00+00:00,mobile,539,25.0,4.64
2021-03-01 00:00:00+00:00,tablet,73,2.0,2.74
2021-03-02 00:00:00+00:00,desktop,1501,113.0,7.53
2021-03-02 00:00:00+00:00,mobile,494,20.0,4.05
2021-03-02 00:00:00+00:00,tablet,64,0.0,0.0
2021-03-03 00:00:00+00:00,desktop,1338,101.0,7.55
2021-03-03 00:00:00+00:00,mobile,503,18.0,3.58
2021-03-03 00:00:00+00:00,tablet,81,0.0,0.0
2021-03-04 00:00:00+00:00,desktop,983,88.0,8.95
2021-03-04 00:00:00+00:00,mobile,485,25.0,5.15
2021-03-04 00:00:00+00:00,tablet,102,4.0,3.92
2021-03-05 00:00:00+00:00,desktop,1008,69.0,6.85
2021-03-05 00:00:00+00:00,mobile,550,27.0,4.91
2021-03-05 00:00:00+00:00,tablet,87,4.0,4.6
2021-03-06 00:00:00+00:00,desktop,1571,110.0,7.0
2021-03-06 00:00:00+00:00,mobile,522,19.0,3.64
2021-03-06 00:00:00+00:00,tablet,76,1.0,1.32
2021-03-07 00:00:00+00:00,desktop,1674,110.0,6.57
2021-03-07 00:00:00+00:00,mobile,559,28.0,5.01
2021-03-07 00:00:00+00:00,tablet,75,5.0,6.67
2021-03-08 00:00:00+00:00,desktop,1610,98.0,6.09
2021-03-08 00:00:00+00:00,mobile,519,20.0,3.85
2021-03-08 00:00:00+00:00,tablet,75,6.0,8.0
2021-03-09 00:00:00+00:00,desktop,1427,110.0,7.71
2021-03-09 00:00:00+00:00,mobile,515,28.0,5.44
2021-03-09 00:00:00+00:00,tablet,66,1.0,1.52
2021-03-10 00:00:00+00:00,desktop,1329,112.0,8.43
2021-03-10 00:00:00+00:00,mobile,551,15.0,2.72
2021-03-10 00:00:00+00:00,tablet,81,2.0,2.47
2021-03-11 00:00:00+00:00,desktop,912,51.0,5.59
2021-03-11 00:00:00+00:00,mobile,573,20.0,3.49
2021-03-11 00:00:00+00:00,tablet,75,2.0,2.67
2021-03-12 00:00:00+00:00,desktop,1043,63.0,6.04
2021-03-12 00:00:00+00:00,mobile,511,20.0,3.91
2021-03-12 00:00:00+00:00,tablet,78,2.0,2.56
2021-03-13 00:00:00+00:00,desktop,1724,140.0,8.12
2021-03-13 00:00:00+00:00,mobile,540,15.0,2.78
2021-03-13 00:00:00+00:00,tablet,65,3.0,4.62
2021-03-14 00:00:00+00:00,desktop,1542,96.0,6.23
2021-03-14 00:00:00+00:00,mobile,494,13.0,2.63
2021-03-14 00:00:00+00:00,tablet,61,2.0,3.28
2021-03-15 00:00:00+00:00,desktop,1560,116.0,7.44
2021-03-15 00:00:00+00:00,mobile,565,15.0,2.65
2021-03-15 00:00:00+00:00,tablet,71,3.0,4.23
2021-03-16 00:00:00+00:00,desktop,1574,108.0,6.86
2021-03-16 00:00:00+00:00,mobile,515,14.0,2.72
2021-03-16 00:00:00+00:00,tablet,68,3.0,4.41
2021-03-17 00:00:00+00:00,desktop,1308,99.0,7.57
2021-03-17 00:00:00+00:00,mobile,546,23.0,4.21
2021-03-17 00:00:00+00:00,tablet,80,3.0,3.75
2021-03-18 00:00:00+00:00,desktop,871,48.0,5.51
2021-03-18 00:00:00+00:00,mobile,529,20.0,3.78
2021-03-18 00:00:00+00:00,tablet,78,3.0,3.85
2021-03-19 00:00:00+00:00,desktop,1034,59.0,5.71
2021-03-19 00:00:00+00:00,mobile,520,23.0,4.42
2021-03-19 00:00:00+00:00,tablet,76,1.0,1.32
2021-03-20 00:00:00+00:00,desktop,1502,103.0,6.86
2021-03-20 00:00:00+00:00,mobile,479,14.0,2.92
2021-03-20 00:00:00+00:00,tablet,82,4.0,4.88
2021-03-21 00:00:00+00:00,desktop,1693,122.0,7.21
2021-03-21 00:00:00+00:00,mobile,539,21.0,3.9
2021-03-21 00:00:00+00:00,tablet,69,3.0,4.35
2021-03-22 00:00:00+00:00,desktop,1667,124.0,7.44
2021-03-22 00:00:00+00:00,mobile,543,22.0,4.05
2021-03-22 00:00:00+00:00,tablet,76,4.0,5.26
2021-03-23 00:00:00+00:00,desktop,1779,97.0,5.45
2021-03-23 00:00:00+00:00,mobile,645,20.0,3.1
2021-03-23 00:00:00+00:00,tablet,66,1.0,1.52
2021-03-24 00:00:00+00:00,desktop,1531,105.0,6.86
2021-03-24 00:00:00+00:00,mobile,518,24.0,4.63
2021-03-24 00:00:00+00:00,tablet,83,4.0,4.82
2021-03-25 00:00:00+00:00,desktop,960,57.0,5.94
2021-03-25 00:00:00+00:00,mobile,535,20.0,3.74
2021-03-25 00:00:00+00:00,tablet,82,3.0,3.66
2021-03-26 00:00:00+00:00,desktop,1022,65.0,6.36
2021-03-26 00:00:00+00:00,mobile,490,22.0,4.49
2021-03-26 00:00:00+00:00,tablet,80,4.0,5.0
2021-03-27 00:00:00+00:00,desktop,1657,129.0,7.79
2021-03-27 00:00:00+00:00,mobile,542,27.0,4.98
2021-03-27 00:00:00+00:00,tablet,88,3.0,3.41
2021-03-28 00:00:00+00:00,desktop,1687,121.0,7.17
2021-03-28 00:00:00+00:00,mobile,542,24.0,4.43
2021-03-28 00:00:00+00:00,tablet,77,0.0,0.0
2021-03-29 00:00:00+00:00,desktop,1636,130.0,7.95
2021-03-29 00:00:00+00:00,mobile,528,17.0,3.22
2021-03-29 00:00:00+00:00,tablet,71,3.0,4.23
2021-03-30 00:00:00+00:00,desktop,1781,129.0,7.24
2021-03-30 00:00:00+00:00,mobile,579,10.0,1.73
2021-03-30 00:00:00+00:00,tablet,68,2.0,2.94
2021-03-31 00:00:00+00:00,desktop,1425,92.0,6.46
2021-03-31 00:00:00+00:00,mobile,494,24.0,4.86
2021-03-31 00:00:00+00:00,tablet,97,8.0,8.25
2021-04-01 00:00:00+00:00,desktop,1322,65.0,4.92
2021-04-01 00:00:00+00:00,mobile,597,20.0,3.35
2021-04-01 00:00:00+00:00,tablet,98,5.0,5.1
2021-04-02 00:00:00+00:00,desktop,1048,70.0,6.68
2021-04-02 00:00:00+00:00,mobile,559,19.0,3.4
2021-04-02 00:00:00+00:00,tablet,89,6.0,6.74
2021-04-03 00:00:00+00:00,desktop,1514,123.0,8.12
2021-04-03 00:00:00+00:00,mobile,526,26.0,4.94
2021-04-03 00:00:00+00:00,tablet,81,4.0,4.94
2021-04-04 00:00:00+00:00,desktop,1662,160.0,9.63
2021-04-04 00:00:00+00:00,mobile,676,26.0,3.85
2021-04-04 00:00:00+00:00,tablet,89,6.0,6.74
2021-04-05 00:00:00+00:00,desktop,1593,124.0,7.78
2021-04-05 00:00:00+00:00,mobile,575,26.0,4.52
2021-04-05 00:00:00+00:00,tablet,90,2.0,2.22
2021-04-06 00:00:00+00:00,desktop,1658,138.0,8.32
2021-04-06 00:00:00+00:00,mobile,615,32.0,5.2
2021-04-06 00:00:00+00:00,tablet,82,6.0,7.32
2021-04-07 00:00:00+00:00,desktop,1442,139.0,9.64
2021-04-07 00:00:00+00:00,mobile,545,27.0,4.95
2021-04-07 00:00:00+00:00,tablet,65,8.0,12.31
2021-04-08 00:00:00+00:00,desktop,944,70.0,7.42
2021-04-08 00:00:00+00:00,mobile,624,16.0,2.56
2021-04-08 00:00:00+00:00,tablet,82,3.0,3.66
2021-04-09 00:00:00+00:00,desktop,998,69.0,6.91
2021-04-09 00:00:00+00:00,mobile,549,21.0,3.83
2021-04-09 00:00:00+00:00,tablet,73,4.0,5.48
2021-04-10 00:00:00+00:00,desktop,1651,132.0,8.0
2021-04-10 00:00:00+00:00,mobile,559,21.0,3.76
2021-04-10 00:00:00+00:00,tablet,59,5.0,8.47
2021-04-11 00:00:00+00:00,desktop,1571,129.0,8.21
2021-04-11 00:00:00+00:00,mobile,516,28.0,5.43
2021-04-11 00:00:00+00:00,tablet,74,5.0,6.76
2021-04-12 00:00:00+00:00,desktop,1483,111.0,7.48
2021-04-12 00:00:00+00:00,mobile,517,24.0,4.64
2021-04-12 00:00:00+00:00,tablet,78,8.0,10.26
2021-04-13 00:00:00+00:00,desktop,1422,128.0,9.0
2021-04-13 00:00:00+00:00,mobile,555,22.0,3.96
2021-04-13 00:00:00+00:00,tablet,64,4.0,6.25
2021-04-14 00:00:00+00:00,desktop,1034,88.0,8.51
2021-04-14 00:00:00+00:00,mobile,527,21.0,3.98
2021-04-14 00:00:00+00:00,tablet,63,2.0,3.17
2021-04-15 00:00:00+00:00,desktop,788,51.0,6.47
2021-04-15 00:00:00+00:00,mobile,505,26.0,5.15
2021-04-15 00:00:00+00:00,tablet,79,6.0,7.59
2021-04-16 00:00:00+00:00,desktop,770,65.0,8.44
2021-04-16 00:00:00+00:00,mobile,520,28.0,5.38
2021-04-16 00:00:00+00:00,tablet,69,3.0,4.35
2021-04-17 00:00:00+00:00,desktop,1350,126.0,9.33
2021-04-17 00:00:00+00:00,mobile,613,31.0,5.06
2021-04-17 00:00:00+00:00,tablet,76,4.0,5.26
2021-04-18 00:00:00+00:00,desktop,1507,115.0,7.63
2021-04-18 00:00:00+00:00,mobile,538,33.0,6.13
2021-04-18 00:00:00+00:00,tablet,81,4.0,4.94
2021-04-19 00:00:00+00:00,desktop,1514,117.0,7.73
2021-04-19 00:00:00+00:00,mobile,537,28.0,5.21
2021-04-19 00:00:00+00:00,tablet,65,2.0,3.08
2021-04-20 00:00:00+00:00,desktop,1514,112.0,7.4
2021-04-20 00:00:00+00:00,mobile,519,22.0,4.24
2021-04-20 00:00:00+00:00,tablet,70,4.0,5.71
2021-04-21 00:00:00+00:00,desktop,1308,126.0,9.63
2021-04-21 00:00:00+00:00,mobile,557,19.0,3.41
2021-04-21 00:00:00+00:00,tablet,62,1.0,1.61
2021-04-22 00:00:00+00:00,desktop,890,62.0,6.97
2021-04-22 00:00:00+00:00,mobile,473,23.0,4.86
2021-04-22 00:00:00+00:00,tablet,62,2.0,3.23
2021-04-23 00:00:00+00:00,desktop,843,58.0,6.88
2021-04-23 00:00:00+00:00,mobile,477,24.0,5.03
2021-04-23 00:00:00+00:00,tablet,76,1.0,1.32
2021-04-24 00:00:00+00:00,desktop,1438,86.0,5.98
2021-04-24 00:00:00+00:00,mobile,486,24.0,4.94
2021-04-24 00:00:00+00:00,tablet,75,3.0,4.0
2021-04-25 00:00:00+00:00,desktop,1510,116.0,7.68
2021-04-25 00:00:00+00:00,mobile,492,16.0,3.25
2021-04-25 00:00:00+00:00,tablet,66,2.0,3.03
2021-04-26 00:00:00+00:00,desktop,2145,149.0,6.95
2021-04-26 00:00:00+00:00,mobile,1489,54.0,3.63
2021-04-26 00:00:00+00:00,tablet,127,3.0,2.36
2021-04-27 00:00:00+00:00,desktop,1725,136.0,7.88
2021-04-27 00:00:00+00:00,mobile,659,30.0,4.55
2021-04-27 00:00:00+00:00,tablet,83,4.0,4.82
2021-04-28 00:00:00+00:00,desktop,1495,137.0,9.16
2021-04-28 00:00:00+00:00,mobile,570,29.0,5.09
2021-04-28 00:00:00+00:00,tablet,77,3.0,3.9
2021-04-29 00:00:00+00:00,desktop,802,49.0,6.11
2021-04-29 00:00:00+00:00,mobile,533,25.0,4.69
2021-04-29 00:00:00+00:00,tablet,65,1.0,1.54
2021-04-30 00:00:00+00:00,desktop,879,79.0,8.99
2021-04-30 00:00:00+00:00,mobile,474,11.0,2.32
2021-04-30 00:00:00+00:00,tablet,63,4.0,6.35
2021-05-01 00:00:00+00:00,desktop,1479,159.0,10.75
2021-05-01 00:00:00+00:00,mobile,573,33.0,5.76
2021-05-01 00:00:00+00:00,tablet,82,3.0,3.66
2021-05-02 00:00:00+00:00,desktop,1633,167.0,10.23
2021-05-02 00:00:00+00:00,mobile,514,24.0,4.67
2021-05-02 00:00:00+00:00,tablet,64,2.0,3.12
2021-05-03 00:00:00+00:00,desktop,1661,186.0,11.2
2021-05-03 00:00:00+00:00,mobile,551,32.0,5.81
2021-05-03 00:00:00+00:00,tablet,63,5.0,7.94
2021-05-04 00:00:00+00:00,desktop,1571,140.0,8.91
2021-05-04 00:00:00+00:00,mobile,689,26.0,3.77
2021-05-04 00:00:00+00:00,tablet,86,8.0,9.3
2021-05-05 00:00:00+00:00,desktop,1109,123.0,11.09
2021-05-05 00:00:00+00:00,mobile,446,17.0,3.81
2021-05-05 00:00:00+00:00,tablet,58,3.0,5.17
2021-05-06 00:00:00+00:00,desktop,661,63.0,9.53
2021-05-06 00:00:00+00:00,mobile,481,27.0,5.61
2021-05-06 00:00:00+00:00,tablet,69,1.0,1.45
2021-05-07 00:00:00+00:00,desktop,710,47.0,6.62
2021-05-07 00:00:00+00:00,mobile,466,18.0,3.86
2021-05-07 00:00:00+00:00,tablet,63,5.0,7.94
2021-05-08 00:00:00+00:00,desktop,1248,128.0,10.26
2021-05-08 00:00:00+00:00,mobile,435,21.0,4.83
2021-05-08 00:00:00+00:00,tablet,58,5.0,8.62
2021-05-09 00:00:00+00:00,desktop,1306,134.0,10.26
2021-05-09 00:00:00+00:00,mobile,483,31.0,6.42
2021-05-09 00:00:00+00:00,tablet,57,4.0,7.02
2021-05-10 00:00:00+00:00,desktop,1293,128.0,9.9
2021-05-10 00:00:00+00:00,mobile,409,16.0,3.91
2021-05-10 00:00:00+00:00,tablet,68,7.0,10.29
2021-05-11 00:00:00+00:00,desktop,1424,130.0,9.13
2021-05-11 00:00:00+00:00,mobile,448,17.0,3.79
2021-05-11 00:00:00+00:00,tablet,59,1.0,1.69
2021-05-12 00:00:00+00:00,desktop,1199,126.0,10.51
2021-05-12 00:00:00+00:00,mobile,474,21.0,4.43
2021-05-12 00:00:00+00:00,tablet,43,3.0,6.98
2021-05-13 00:00:00+00:00,desktop,654,72.0,11.01
2021-05-13 00:00:00+00:00,mobile,403,17.0,4.22
2021-05-13 00:00:00+00:00,tablet,58,5.0,8.62
2021-05-14 00:00:00+00:00,desktop,646,58.0,8.98
2021-05-14 00:00:00+00:00,mobile,410,25.0,6.1
2021-05-14 00:00:00+00:00,tablet,67,5.0,7.46
2021-05-15 00:00:00+00:00,desktop,1480,113.0,7.64
2021-05-15 00:00:00+00:00,mobile,470,22.0,4.68
2021-05-15 00:00:00+00:00,tablet,53,3.0,5.66
2021-05-16 00:00:00+00:00,desktop,1879,135.0,7.18
2021-05-16 00:00:00+00:00,mobile,566,28.0,4.95
2021-05-16 00:00:00+00:00,tablet,68,7.0,10.29
2021-05-17 00:00:00+00:00,desktop,1851,126.0,6.81
2021-05-17 00:00:00+00:00,mobile,729,39.0,5.35
2021-05-17 00:00:00+00:00,tablet,76,3.0,3.95
2021-05-18 00:00:00+00:00,desktop,1571,119.0,7.57
2021-05-18 00:00:00+00:00,mobile,685,29.0,4.23
2021-05-18 00:00:00+00:00,tablet,73,5.0,6.85
2021-05-19 00:00:00+00:00,desktop,1240,125.0,10.08
2021-05-19 00:00:00+00:00,mobile,644,31.0,4.81
2021-05-19 00:00:00+00:00,tablet,77,4.0,5.19
2021-05-20 00:00:00+00:00,desktop,779,71.0,9.11
2021-05-20 00:00:00+00:00,mobile,795,36.0,4.53
2021-05-20 00:00:00+00:00,tablet,122,2.0,1.64
2021-05-21 00:00:00+00:00,desktop,813,82.0,10.09
2021-05-21 00:00:00+00:00,mobile,540,31.0,5.74
2021-05-21 00:00:00+00:00,tablet,93,4.0,4.3
2021-05-22 00:00:00+00:00,desktop,1452,131.0,9.02
2021-05-22 00:00:00+00:00,mobile,435,17.0,3.91
2021-05-22 00:00:00+00:00,tablet,63,2.0,3.17
2021-05-23 00:00:00+00:00,desktop,1346,111.0,8.25
2021-05-23 00:00:00+00:00,mobile,431,25.0,5.8
2021-05-23 00:00:00+00:00,tablet,67,2.0,2.99
2021-05-24 00:00:00+00:00,desktop,1454,117.0,8.05
2021-05-24 00:00:00+00:00,mobile,537,33.0,6.15
2021-05-24 00:00:00+00:00,tablet,73,3.0,4.11
2021-05-25 00:00:00+00:00,desktop,1349,107.0,7.93
2021-05-25 00:00:00+00:00,mobile,518,24.0,4.63
2021-05-25 00:00:00+00:00,tablet,60,2.0,3.33
2021-05-26 00:00:00+00:00,desktop,1196,88.0,7.36
2021-05-26 00:00:00+00:00,mobile,536,19.0,3.54
2021-05-26 00:00:00+00:00,tablet,63,2.0,3.17
2021-05-27 00:00:00+00:00,desktop,739,41.0,5.55
2021-05-27 00:00:00+00:00,mobile,533,24.0,4.5
2021-05-27 00:00:00+00:00,tablet,85,2.0,2.35
2021-05-28 00:00:00+00:00,desktop,751,53.0,7.06
2021-05-28 00:00:00+00:00,mobile,496,23.0,4.64
2021-05-28 00:00:00+00:00,tablet,79,1.0,1.27
2021-05-29 00:00:00+00:00,desktop,974,57.0,5.85
2021-05-29 00:00:00+00:00,mobile,496,23.0,4.64
2021-05-29 00:00:00+00:00,tablet,76,4.0,5.26
2021-05-30 00:00:00+00:00,desktop,1412,112.0,7.93
2021-05-30 00:00:00+00:00,mobile,439,17.0,3.87
2021-05-30 00:00:00+00:00,tablet,64,1.0,1.56
2021-05-31 00:00:00+00:00,desktop,1432,135.0,9.43
2021-05-31 00:00:00+00:00,mobile,531,19.0,3.58
2021-05-31 00:00:00+00:00,tablet,85,1.0,1.18
